id,Danceability
17170,5
17171,6
17172,4
17173,5
17174,5
17175,6
17176,3
17177,4
17178,4
17179,3
17180,6
17181,6
17182,6
17183,6
17184,5
17185,5
17186,5
17187,2
17188,5
17189,3
17190,9
17191,7
17192,7
17193,9
17194,6
17195,7
17196,7
17197,6
17198,7
17199,6
17200,3
17201,3
17202,2
17203,3
17204,5
17205,4
17206,6
17207,3
17208,3
17209,4
17210,6
17211,5
17212,3
17213,6
17214,5
17215,5
17216,6
17217,6
17218,6
17219,4
17220,5
17221,2
17222,4
17223,5
17224,4
17225,3
17226,5
17227,5
17228,4
17229,3
17230,4
17231,4
17232,4
17233,4
17234,3
17235,6
17236,4
17237,3
17238,1
17239,5
17240,4
17241,3
17242,2
17243,4
17244,3
17245,5
17246,5
17247,6
17248,3
17249,5
17250,3
17251,4
17252,5
17253,4
17254,4
17255,6
17256,5
17257,6
17258,5
17259,4
17260,4
17261,5
17262,5
17263,8
17264,5
17265,7
17266,3
17267,4
17268,6
17269,6
17270,6
17271,5
17272,6
17273,6
17274,6
17275,5
17276,5
17277,4
17278,4
17279,4
17280,3
17281,5
17282,4
17283,7
17284,7
17285,7
17286,5
17287,2
17288,6
17289,7
17290,7
17291,4
17292,7
17293,5
17294,7
17295,6
17296,6
17297,4
17298,5
17299,5
17300,7
17301,6
17302,7
17303,2
17304,5
17305,4
17306,5
17307,5
17308,4
17309,7
17310,6
17311,6
17312,4
17313,6
17314,6
17315,6
17316,5
17317,9
17318,4
17319,4
17320,9
17321,4
17322,4
17323,4
17324,4
17325,5
17326,5
17327,5
17328,4
17329,4
17330,6
17331,4
17332,4
17333,6
17334,5
17335,5
17336,6
17337,6
17338,7
17339,5
17340,6
17341,6
17342,5
17343,4
17344,3
17345,3
17346,5
17347,4
17348,5
17349,4
17350,6
17351,4
17352,5
17353,6
17354,5
17355,5
17356,5
17357,5
17358,5
17359,7
17360,5
17361,5
17362,5
17363,5
17364,6
17365,6
17366,5
17367,7
17368,6
17369,7
17370,7
17371,6
17372,4
17373,3
17374,4
17375,5
17376,5
17377,2
17378,3
17379,6
17380,6
17381,6
17382,6
17383,7
17384,8
17385,5
17386,5
17387,6
17388,6
17389,5
17390,7
17391,7
17392,7
17393,5
17394,5
17395,6
17396,8
17397,4
17398,6
17399,5
17400,6
17401,5
17402,6
17403,7
17404,5
17405,6
17406,4
17407,4
17408,6
17409,5
17410,4
17411,6
17412,5
17413,8
17414,6
17415,5
17416,5
17417,5
17418,5
17419,6
17420,4
17421,6
17422,4
17423,1
17424,6
17425,6
17426,5
17427,5
17428,4
17429,5
17430,5
17431,6
17432,5
17433,4
17434,7
17435,5
17436,5
17437,4
17438,6
17439,4
17440,3
17441,5
17442,4
17443,4
17444,4
17445,4
17446,5
17447,5
17448,2
17449,6
17450,4
17451,5
17452,4
17453,6
17454,7
17455,3
17456,4
17457,4
17458,5
17459,7
17460,4
17461,5
17462,4
17463,4
17464,5
17465,3
17466,3
17467,4
17468,4
17469,5
17470,6
17471,6
17472,5
17473,5
17474,4
17475,5
17476,7
17477,5
17478,6
17479,4
17480,5
17481,4
17482,7
17483,5
17484,4
17485,6
17486,5
17487,3
17488,4
17489,3
17490,6
17491,5
17492,7
17493,5
17494,6
17495,2
17496,6
17497,7
17498,8
17499,5
17500,4
17501,4
17502,5
17503,5
17504,4
17505,3
17506,4
17507,3
17508,5
17509,6
17510,6
17511,5
17512,6
17513,6
17514,5
17515,6
17516,5
17517,4
17518,6
17519,5
17520,4
17521,6
17522,5
17523,5
17524,9
17525,7
17526,5
17527,5
17528,6
17529,4
17530,4
17531,5
17532,6
17533,3
17534,6
17535,7
17536,3
17537,7
17538,5
17539,6
17540,7
17541,6
17542,3
17543,7
17544,7
17545,6
17546,6
17547,5
17548,5
17549,4
17550,7
17551,7
17552,5
17553,3
17554,6
17555,6
17556,5
17557,4
17558,4
17559,8
17560,7
17561,7
17562,5
17563,4
17564,5
17565,6
17566,5
17567,4
17568,5
17569,3
17570,4
17571,6
17572,5
17573,5
17574,4
17575,5
17576,4
17577,4
17578,6
17579,6
17580,5
17581,6
17582,4
17583,5
17584,5
17585,4
17586,6
17587,5
17588,5
17589,4
17590,6
17591,7
17592,5
17593,3
17594,7
17595,5
17596,4
17597,4
17598,5
17599,6
17600,5
17601,6
17602,6
17603,3
17604,4
17605,3
17606,3
17607,5
17608,4
17609,5
17610,2
17611,6
17612,3
17613,5
17614,2
17615,5
17616,4
17617,5
17618,3
17619,4
17620,5
17621,4
17622,4
17623,4
17624,3
17625,4
17626,6
17627,4
17628,3
17629,5
17630,5
17631,2
17632,5
17633,2
17634,4
17635,3
17636,5
17637,2
17638,4
17639,4
17640,4
17641,3
17642,5
17643,5
17644,5
17645,1
17646,2
17647,3
17648,6
17649,4
17650,6
17651,3
17652,4
17653,6
17654,4
17655,3
17656,5
17657,1
17658,0
17659,0
17660,0
17661,0
17662,0
17663,1
17664,0
17665,0
17666,0
17667,5
17668,3
17669,4
17670,4
17671,2
17672,4
17673,3
17674,3
17675,2
17676,6
17677,4
17678,3
17679,3
17680,4
17681,6
17682,5
17683,4
17684,4
17685,4
17686,3
17687,3
17688,2
17689,3
17690,4
17691,5
17692,3
17693,2
17694,3
17695,5
17696,3
17697,3
17698,2
17699,2
17700,3
17701,5
17702,4
17703,5
17704,4
17705,6
17706,4
17707,4
17708,5
17709,4
17710,3
17711,3
17712,6
17713,4
17714,3
17715,3
17716,3
17717,0
17718,5
17719,3
17720,3
17721,2
17722,3
17723,3
17724,5
17725,2
17726,4
17727,2
17728,6
17729,4
17730,5
17731,3
17732,4
17733,3
17734,4
17735,6
17736,5
17737,3
17738,5
17739,3
17740,4
17741,2
17742,6
17743,7
17744,4
17745,5
17746,4
17747,4
17748,3
17749,2
17750,5
17751,4
17752,5
17753,5
17754,5
17755,5
17756,5
17757,5
17758,5
17759,3
17760,2
17761,4
17762,4
17763,4
17764,3
17765,7
17766,4
17767,6
17768,7
17769,5
17770,4
17771,6
17772,5
17773,7
17774,5
17775,5
17776,5
17777,6
17778,5
17779,6
17780,6
17781,5
17782,4
17783,7
17784,5
17785,3
17786,5
17787,3
17788,3
17789,5
17790,3
17791,4
17792,4
17793,4
17794,4
17795,7
17796,6
17797,7
17798,6
17799,7
17800,5
17801,3
17802,6
17803,4
17804,7
17805,5
17806,6
17807,4
17808,3
17809,7
17810,5
17811,5
17812,6
17813,6
17814,5
17815,5
17816,4
17817,4
17818,6
17819,6
17820,6
17821,5
17822,5
17823,5
17824,4
17825,7
17826,5
17827,6
17828,6
17829,6
17830,4
17831,5
17832,6
17833,3
17834,4
17835,5
17836,3
17837,3
17838,5
17839,3
17840,4
17841,5
17842,5
17843,6
17844,6
17845,7
17846,7
17847,7
17848,6
17849,8
17850,6
17851,5
17852,5
17853,6
17854,8
17855,4
17856,6
17857,6
17858,5
17859,7
17860,7
17861,4
17862,3
17863,4
17864,5
17865,6
17866,6
17867,3
17868,4
17869,4
17870,6
17871,4
17872,6
17873,5
17874,5
17875,4
17876,4
17877,5
17878,5
17879,5
17880,4
17881,3
17882,5
17883,4
17884,6
17885,4
17886,3
17887,4
17888,5
17889,6
17890,4
17891,6
17892,3
17893,3
17894,4
17895,6
17896,7
17897,4
17898,7
17899,3
17900,5
17901,6
17902,5
17903,6
17904,3
17905,7
17906,5
17907,5
17908,4
17909,5
17910,6
17911,4
17912,4
17913,4
17914,2
17915,6
17916,4
17917,6
17918,5
17919,3
17920,4
17921,2
17922,3
17923,5
17924,6
17925,3
17926,2
17927,6
17928,4
17929,5
17930,3
17931,3
17932,6
17933,5
17934,6
17935,5
17936,5
17937,5
17938,5
17939,4
17940,4
17941,7
17942,7
17943,6
17944,2
17945,4
17946,4
17947,4
17948,4
17949,5
17950,3
17951,3
17952,6
17953,3
17954,4
17955,5
17956,6
17957,7
17958,7
17959,7
17960,3
17961,5
17962,4
17963,6
17964,8
17965,7
17966,7
17967,5
17968,7
17969,7
17970,7
17971,5
17972,4
17973,7
17974,5
17975,5
17976,5
17977,5
17978,4
17979,6
17980,6
17981,5
17982,5
17983,6
17984,7
17985,6
17986,5
17987,5
17988,6
17989,6
17990,7
17991,6
17992,5
17993,7
17994,4
17995,4
17996,6
17997,5
17998,6
17999,5
18000,6
18001,6
18002,6
18003,4
18004,6
18005,3
18006,5
18007,4
18008,5
18009,4
18010,4
18011,6
18012,4
18013,6
18014,4
18015,5
18016,3
18017,6
18018,4
18019,6
18020,5
18021,4
18022,5
18023,4
18024,5
18025,5
18026,5
18027,7
18028,4
18029,2
18030,0
18031,0
18032,0
18033,0
18034,2
18035,0
18036,3
18037,0
18038,5
18039,5
18040,5
18041,6
18042,4
18043,4
18044,4
18045,4
18046,3
18047,5
18048,4
18049,4
18050,5
18051,5
18052,4
18053,5
18054,4
18055,5
18056,6
18057,4
18058,5
18059,4
18060,5
18061,4
18062,6
18063,5
18064,3
18065,5
18066,6
18067,6
18068,6
18069,5
18070,6
18071,4
18072,4
18073,4
18074,6
18075,4
18076,4
18077,6
18078,6
18079,3
18080,4
18081,5
18082,5
18083,5
18084,4
18085,6
18086,6
18087,5
18088,7
18089,9
18090,9
18091,2
18092,4
18093,4
18094,4
18095,6
18096,4
18097,4
18098,4
18099,3
18100,5
18101,4
18102,5
18103,4
18104,6
18105,5
18106,4
18107,5
18108,3
18109,4
18110,5
18111,5
18112,6
18113,5
18114,5
18115,3
18116,5
18117,6
18118,5
18119,5
18120,5
18121,5
18122,5
18123,3
18124,6
18125,6
18126,2
18127,5
18128,6
18129,4
18130,6
18131,4
18132,6
18133,3
18134,4
18135,3
18136,5
18137,5
18138,6
18139,5
18140,2
18141,5
18142,3
18143,4
18144,4
18145,5
18146,6
18147,4
18148,3
18149,4
18150,7
18151,6
18152,8
18153,7
18154,6
18155,5
18156,6
18157,7
18158,4
18159,7
18160,6
18161,5
18162,6
18163,5
18164,3
18165,6
18166,3
18167,5
18168,4
18169,6
18170,6
18171,8
18172,6
18173,5
18174,7
18175,6
18176,4
18177,3
18178,4
18179,6
18180,6
18181,6
18182,6
18183,6
18184,6
18185,6
18186,5
18187,4
18188,5
18189,2
18190,3
18191,4
18192,5
18193,3
18194,3
18195,4
18196,5
18197,5
18198,1
18199,2
18200,3
18201,0
18202,2
18203,1
18204,0
18205,2
18206,4
18207,3
18208,5
18209,1
18210,5
18211,8
18212,6
18213,5
18214,8
18215,5
18216,6
18217,6
18218,5
18219,5
18220,9
18221,3
18222,5
18223,7
18224,7
18225,3
18226,5
18227,4
18228,5
18229,7
18230,5
18231,5
18232,4
18233,5
18234,5
18235,4
18236,4
18237,4
18238,4
18239,6
18240,7
18241,5
18242,6
18243,6
18244,6
18245,6
18246,7
18247,6
18248,5
18249,3
18250,6
18251,5
18252,5
18253,5
18254,4
18255,5
18256,4
18257,3
18258,3
18259,6
18260,5
18261,6
18262,3
18263,3
18264,1
18265,6
18266,2
18267,2
18268,2
18269,4
18270,4
18271,4
18272,4
18273,3
18274,4
18275,3
18276,2
18277,4
18278,4
18279,5
18280,7
18281,4
18282,5
18283,5
18284,3
18285,4
18286,2
18287,5
18288,3
18289,6
18290,5
18291,7
18292,7
18293,5
18294,3
18295,5
18296,3
18297,7
18298,4
18299,4
18300,5
18301,4
18302,5
18303,5
18304,6
18305,4
18306,5
18307,3
18308,7
18309,7
18310,7
18311,5
18312,4
18313,5
18314,5
18315,5
18316,6
18317,5
18318,4
18319,3
18320,3
18321,3
18322,2
18323,4
18324,4
18325,5
18326,7
18327,7
18328,6
18329,7
18330,5
18331,6
18332,6
18333,4
18334,3
18335,5
18336,4
18337,4
18338,3
18339,4
18340,5
18341,6
18342,4
18343,5
18344,3
18345,4
18346,3
18347,3
18348,2
18349,5
18350,4
18351,5
18352,6
18353,6
18354,6
18355,4
18356,4
18357,4
18358,6
18359,4
18360,5
18361,4
18362,5
18363,6
18364,6
18365,3
18366,6
18367,4
18368,5
18369,4
18370,7
18371,6
18372,4
18373,5
18374,8
18375,8
18376,5
18377,5
18378,4
18379,6
18380,4
18381,6
18382,5
18383,6
18384,4
18385,5
18386,7
18387,7
18388,4
18389,5
18390,6
18391,0
18392,0
18393,1
18394,2
18395,0
18396,2
18397,0
18398,0
18399,3
18400,6
18401,2
18402,2
18403,6
18404,2
18405,6
18406,5
18407,4
18408,6
18409,5
18410,7
18411,3
18412,4
18413,5
18414,5
18415,3
18416,6
18417,6
18418,0
18419,0
18420,0
18421,3
18422,0
18423,0
18424,0
18425,0
18426,0
18427,0
18428,4
18429,5
18430,5
18431,5
18432,4
18433,6
18434,3
18435,4
18436,2
18437,3
18438,3
18439,3
18440,2
18441,5
18442,5
18443,5
18444,3
18445,3
18446,5
18447,4
18448,6
18449,4
18450,4
18451,3
18452,5
18453,4
18454,4
18455,3
18456,6
18457,5
18458,5
18459,2
18460,4
18461,5
18462,5
18463,5
18464,6
18465,5
18466,3
18467,3
18468,4
18469,4
18470,4
18471,5
18472,3
18473,6
18474,3
18475,3
18476,2
18477,4
18478,6
18479,4
18480,4
18481,4
18482,3
18483,4
18484,7
18485,6
18486,4
18487,4
18488,3
18489,5
18490,6
18491,4
18492,4
18493,2
18494,4
18495,4
18496,5
18497,3
18498,3
18499,5
18500,3
18501,5
18502,5
18503,5
18504,5
18505,6
18506,5
18507,3
18508,6
18509,6
18510,5
18511,6
18512,6
18513,5
18514,5
18515,6
18516,4
18517,3
18518,5
18519,4
18520,6
18521,5
18522,2
18523,5
18524,5
18525,4
18526,5
18527,5
18528,6
18529,5
18530,5
18531,4
18532,6
18533,3
18534,5
18535,3
18536,4
18537,4
18538,6
18539,5
18540,3
18541,3
18542,4
18543,5
18544,4
18545,4
18546,5
18547,5
18548,4
18549,6
18550,4
18551,2
18552,4
18553,3
18554,3
18555,3
18556,3
18557,3
18558,4
18559,3
18560,5
18561,2
18562,5
18563,4
18564,5
18565,6
18566,6
18567,6
18568,5
18569,4
18570,7
18571,6
18572,5
18573,5
18574,4
18575,4
18576,2
18577,4
18578,4
18579,6
18580,7
18581,3
18582,3
18583,6
18584,2
18585,6
18586,2
18587,5
18588,4
18589,3
18590,2
18591,6
18592,2
18593,4
18594,3
18595,5
18596,3
18597,3
18598,3
18599,3
18600,3
18601,5
18602,6
18603,4
18604,7
18605,7
18606,5
18607,5
18608,6
18609,4
18610,5
18611,3
18612,5
18613,4
18614,5
18615,4
18616,3
18617,4
18618,5
18619,4
18620,3
18621,5
18622,4
18623,4
18624,4
18625,6
18626,2
18627,3
18628,3
18629,3
18630,5
18631,3
18632,2
18633,3
18634,6
18635,4
18636,6
18637,3
18638,4
18639,5
18640,4
18641,5
18642,4
18643,2
18644,5
18645,4
18646,5
18647,3
18648,3
18649,3
18650,3
18651,3
18652,5
18653,5
18654,7
18655,6
18656,7
18657,4
18658,6
18659,6
18660,7
18661,5
18662,5
18663,5
18664,6
18665,4
18666,5
18667,5
18668,6
18669,4
18670,3
18671,5
18672,3
18673,6
18674,3
18675,4
18676,2
18677,2
18678,5
18679,5
18680,4
18681,3
18682,4
18683,4
18684,6
18685,5
18686,5
18687,6
18688,5
18689,4
18690,5
18691,6
18692,5
18693,3
18694,6
18695,4
18696,5
18697,3
18698,3
18699,3
18700,5
18701,5
18702,6
18703,5
18704,4
18705,3
18706,5
18707,4
18708,6
18709,4
18710,4
18711,4
18712,4
18713,4
18714,6
18715,6
18716,6
18717,5
18718,7
18719,4
18720,2
18721,5
18722,4
18723,4
18724,6
18725,6
18726,5
18727,6
18728,6
18729,6
18730,7
18731,6
18732,4
18733,7
18734,5
18735,3
18736,3
18737,4
18738,5
18739,4
18740,6
18741,5
18742,5
18743,5
18744,4
18745,2
18746,4
18747,2
18748,4
18749,4
18750,4
18751,4
18752,2
18753,3
18754,0
18755,3
18756,2
18757,4
18758,0
18759,3
18760,6
18761,5
18762,6
18763,5
18764,5
18765,4
18766,3
18767,5
18768,6
18769,6
18770,6
18771,6
18772,5
18773,5
18774,3
18775,1
18776,2
18777,7
18778,6
18779,5
18780,6
18781,6
18782,5
18783,5
18784,3
18785,4
18786,5
18787,6
18788,5
18789,7
18790,6
18791,6
18792,7
18793,5
18794,7
18795,5
18796,7
18797,5
18798,7
18799,4
18800,5
18801,4
18802,5
18803,4
18804,7
18805,4
18806,4
18807,3
18808,3
18809,4
18810,3
18811,4
18812,3
18813,4
18814,4
18815,6
18816,6
18817,4
18818,4
18819,4
18820,2
18821,4
18822,4
18823,4
18824,5
18825,4
18826,4
18827,4
18828,7
18829,4
18830,6
18831,5
18832,2
18833,5
18834,6
18835,5
18836,5
18837,7
18838,6
18839,6
18840,7
18841,6
18842,3
18843,6
18844,5
18845,0
18846,0
18847,1
18848,0
18849,0
18850,0
18851,0
18852,0
18853,0
18854,0
18855,4
18856,4
18857,4
18858,4
18859,2
18860,3
18861,3
18862,3
18863,4
18864,3
18865,7
18866,5
18867,5
18868,3
18869,7
18870,6
18871,4
18872,7
18873,6
18874,6
18875,4
18876,8
18877,5
18878,4
18879,5
18880,5
18881,4
18882,4
18883,3
18884,5
18885,5
18886,6
18887,6
18888,6
18889,3
18890,3
18891,6
18892,6
18893,6
18894,3
18895,3
18896,5
18897,6
18898,4
18899,3
18900,5
18901,4
18902,4
18903,4
18904,4
18905,5
18906,0
18907,0
18908,1
18909,1
18910,2
18911,1
18912,1
18913,0
18914,0
18915,3
18916,4
18917,6
18918,6
18919,5
18920,7
18921,6
18922,3
18923,6
18924,5
18925,5
18926,4
18927,3
18928,3
18929,2
18930,5
18931,4
18932,5
18933,4
18934,5
18935,6
18936,6
18937,4
18938,6
18939,5
18940,5
18941,5
18942,4
18943,6
18944,5
18945,5
18946,4
18947,7
18948,7
18949,7
18950,4
18951,7
18952,7
18953,4
18954,6
18955,6
18956,6
18957,4
18958,4
18959,5
18960,5
18961,4
18962,5
18963,5
18964,4
18965,4
18966,5
18967,5
18968,4
18969,3
18970,2
18971,5
18972,6
18973,7
18974,4
18975,5
18976,8
18977,9
18978,9
18979,4
18980,4
18981,5
18982,4
18983,2
18984,4
18985,6
18986,5
18987,5
18988,5
18989,7
18990,4
18991,5
18992,4
18993,8
18994,8
18995,9
18996,9
18997,4
18998,8
18999,9
19000,7
19001,3
19002,4
19003,5
19004,5
19005,4
19006,5
19007,5
19008,3
19009,7
19010,5
19011,4
19012,6
19013,5
19014,5
19015,3
19016,5
19017,5
19018,5
19019,4
19020,3
19021,3
19022,5
19023,3
19024,6
19025,3
19026,5
19027,3
19028,5
19029,7
19030,5
19031,5
19032,3
19033,6
19034,5
19035,3
19036,4
19037,4
19038,3
19039,4
19040,4
19041,4
19042,4
19043,2
19044,4
19045,6
19046,3
19047,6
19048,3
19049,4
19050,1
19051,2
19052,3
19053,3
19054,3
19055,3
19056,3
19057,4
19058,6
19059,6
19060,3
19061,6
19062,5
19063,7
19064,6
19065,3
19066,4
19067,6
19068,3
19069,3
19070,4
19071,5
19072,4
19073,0
19074,3
19075,7
19076,5
19077,4
19078,1
19079,1
19080,5
19081,0
19082,2
19083,4
19084,6
19085,4
19086,3
19087,2
19088,5
19089,5
19090,5
19091,4
19092,4
19093,4
19094,3
19095,4
19096,3
19097,3
19098,4
19099,5
19100,5
19101,6
19102,4
19103,3
19104,7
19105,2
19106,5
19107,2
19108,2
19109,3
19110,5
19111,2
19112,3
19113,3
19114,5
19115,4
19116,3
19117,3
19118,4
19119,3
19120,4
19121,4
19122,2
19123,4
19124,4
19125,5
19126,3
19127,3
19128,2
19129,4
19130,5
19131,3
19132,4
19133,5
19134,4
19135,7
19136,4
19137,3
19138,1
19139,1
19140,3
19141,5
19142,3
19143,2
19144,0
19145,7
19146,5
19147,4
19148,6
19149,5
19150,6
19151,6
19152,5
19153,6
19154,8
19155,5
19156,5
19157,7
19158,5
19159,6
19160,5
19161,6
19162,7
19163,5
19164,1
19165,2
19166,2
19167,1
19168,3
19169,3
19170,5
19171,6
19172,4
19173,5
19174,5
19175,4
19176,5
19177,6
19178,3
19179,4
19180,6
19181,5
19182,4
19183,6
19184,3
19185,3
19186,4
19187,4
19188,6
19189,5
19190,6
19191,1
19192,5
19193,3
19194,6
19195,6
19196,2
19197,5
19198,4
19199,6
19200,6
19201,6
19202,5
19203,5
19204,4
19205,5
19206,5
19207,5
19208,5
19209,3
19210,4
19211,4
19212,4
19213,5
19214,5
19215,3
19216,3
19217,8
19218,5
19219,6
19220,3
19221,3
19222,4
19223,5
19224,5
19225,4
19226,4
19227,6
19228,3
19229,4
19230,5
19231,3
19232,5
19233,6
19234,4
19235,4
19236,3
19237,4
19238,4
19239,4
19240,5
19241,4
19242,3
19243,6
19244,5
19245,3
19246,5
19247,4
19248,4
19249,4
19250,5
19251,3
19252,2
19253,4
19254,4
19255,6
19256,6
19257,3
19258,3
19259,6
19260,5
19261,5
19262,7
19263,5
19264,5
19265,5
19266,4
19267,4
19268,7
19269,3
19270,7
19271,4
19272,5
19273,5
19274,6
19275,5
19276,3
19277,2
19278,6
19279,4
19280,5
19281,7
19282,2
19283,5
19284,6
19285,5
19286,6
19287,7
19288,5
19289,4
19290,4
19291,6
19292,6
19293,4
19294,4
19295,5
19296,3
19297,5
19298,4
19299,5
19300,3
19301,2
19302,5
19303,6
19304,6
19305,6
19306,4
19307,1
19308,6
19309,7
19310,3
19311,2
19312,6
19313,8
19314,5
19315,5
19316,5
19317,4
19318,4
19319,1
19320,6
19321,4
19322,5
19323,3
19324,6
19325,5
19326,4
19327,7
19328,6
19329,3
19330,5
19331,6
19332,4
19333,4
19334,6
19335,6
19336,5
19337,4
19338,5
19339,4
19340,5
19341,6
19342,5
19343,4
19344,2
19345,4
19346,4
19347,4
19348,5
19349,5
19350,4
19351,5
19352,3
19353,5
19354,7
19355,5
19356,4
19357,4
19358,5
19359,6
19360,1
19361,3
19362,6
19363,6
19364,4
19365,6
19366,4
19367,3
19368,3
19369,6
19370,5
19371,5
19372,5
19373,5
19374,4
19375,6
19376,4
19377,5
19378,2
19379,7
19380,2
19381,6
19382,4
19383,4
19384,4
19385,5
19386,5
19387,5
19388,6
19389,5
19390,5
19391,5
19392,5
19393,5
19394,2
19395,4
19396,5
19397,4
19398,5
19399,5
19400,4
19401,4
19402,4
19403,5
19404,2
19405,6
19406,5
19407,5
19408,6
19409,3
19410,6
19411,5
19412,5
19413,6
19414,4
19415,4
19416,4
19417,4
19418,5
19419,7
19420,6
19421,4
19422,5
19423,4
19424,3
19425,6
19426,3
19427,5
19428,4
19429,5
19430,6
19431,5
19432,5
19433,6
19434,5
19435,5
19436,4
19437,2
19438,6
19439,6
19440,4
19441,4
19442,3
19443,6
19444,5
19445,3
19446,7
19447,6
19448,4
19449,6
19450,6
19451,4
19452,4
19453,4
19454,3
19455,4
19456,6
19457,4
19458,4
19459,4
19460,3
19461,6
19462,5
19463,5
19464,5
19465,7
19466,5
19467,5
19468,4
19469,6
19470,3
19471,5
19472,6
19473,3
19474,6
19475,7
19476,4
19477,5
19478,6
19479,4
19480,3
19481,6
19482,3
19483,7
19484,6
19485,5
19486,5
19487,4
19488,5
19489,3
19490,5
19491,4
19492,5
19493,5
19494,4
19495,5
19496,5
19497,5
19498,7
19499,2
19500,3
19501,5
19502,4
19503,2
19504,3
19505,5
19506,7
19507,4
19508,2
19509,4
19510,5
19511,6
19512,5
19513,5
19514,5
19515,7
19516,5
19517,4
19518,5
19519,5
19520,5
19521,4
19522,6
19523,5
19524,5
19525,5
19526,5
19527,6
19528,5
19529,5
19530,5
19531,4
19532,5
19533,4
19534,6
19535,3
19536,4
19537,4
19538,3
19539,8
19540,6
19541,4
19542,2
19543,2
19544,5
19545,5
19546,4
19547,2
19548,6
19549,4
19550,4
19551,2
19552,3
19553,2
19554,5
19555,4
19556,6
19557,5
19558,5
19559,4
19560,4
19561,5
19562,3
19563,3
19564,6
19565,5
19566,4
19567,4
19568,3
19569,6
19570,6
19571,5
19572,3
19573,6
19574,4
19575,5
19576,6
19577,4
19578,3
19579,4
19580,5
19581,4
19582,7
19583,7
19584,5
19585,2
19586,5
19587,5
19588,8
19589,7
19590,5
19591,5
19592,3
19593,6
19594,7
19595,6
19596,2
19597,0
19598,3
19599,4
19600,4
19601,5
19602,1
19603,8
19604,5
19605,7
19606,7
19607,7
19608,8
19609,5
19610,6
19611,3
19612,5
19613,5
19614,3
19615,5
19616,6
19617,4
19618,6
19619,5
19620,3
19621,6
19622,4
19623,3
19624,6
19625,7
19626,5
19627,4
19628,5
19629,4
19630,2
19631,6
19632,6
19633,5
19634,4
19635,4
19636,6
19637,5
19638,6
19639,6
19640,4
19641,4
19642,5
19643,4
19644,6
19645,6
19646,5
19647,5
19648,7
19649,3
19650,6
19651,3
19652,4
19653,3
19654,5
19655,5
19656,4
19657,4
19658,4
19659,5
19660,4
19661,6
19662,7
19663,6
19664,4
19665,7
19666,4
19667,6
19668,6
19669,4
19670,5
19671,5
19672,3
19673,3
19674,6
19675,5
19676,7
19677,5
19678,5
19679,6
19680,6
19681,4
19682,4
19683,6
19684,6
19685,2
19686,5
19687,3
19688,3
19689,4
19690,7
19691,5
19692,5
19693,5
19694,1
19695,5
19696,4
19697,4
19698,7
19699,5
19700,5
19701,4
19702,4
19703,5
19704,5
19705,6
19706,5
19707,4
19708,4
19709,4
19710,5
19711,6
19712,5
19713,6
19714,5
19715,6
19716,2
19717,6
19718,4
19719,5
19720,7
19721,7
19722,4
19723,3
19724,7
19725,6
19726,4
19727,3
19728,5
19729,5
19730,3
19731,5
19732,5
19733,4
19734,2
19735,3
19736,2
19737,5
19738,4
19739,7
19740,6
19741,6
19742,5
19743,6
19744,5
19745,3
19746,6
19747,6
19748,5
19749,6
19750,6
19751,6
19752,6
19753,7
19754,4
19755,6
19756,5
19757,5
19758,4
19759,4
19760,4
19761,2
19762,5
19763,6
19764,6
19765,4
19766,6
19767,4
19768,3
19769,5
19770,4
19771,5
19772,4
19773,7
19774,4
19775,6
19776,4
19777,5
19778,2
19779,5
19780,6
19781,6
19782,6
19783,4
19784,4
19785,4
19786,3
19787,5
19788,1
19789,7
19790,2
19791,6
19792,5
19793,7
19794,1
19795,6
19796,6
19797,5
19798,6
19799,7
19800,5
19801,4
19802,2
19803,3
19804,4
19805,3
19806,5
19807,6
19808,5
19809,5
19810,5
19811,3
19812,3
19813,6
19814,4
19815,5
19816,6
19817,6
19818,6
19819,7
19820,3
19821,4
19822,3
19823,5
19824,5
19825,4
19826,4
19827,5
19828,5
19829,3
19830,5
19831,4
19832,5
19833,4
19834,6
19835,1
19836,3
19837,7
19838,5
19839,4
19840,5
19841,4
19842,3
19843,4
19844,3
19845,7
19846,5
19847,6
19848,6
19849,5
19850,4
19851,4
19852,4
19853,3
19854,5
19855,5
19856,5
19857,3
19858,1
19859,4
19860,4
19861,3
19862,4
19863,6
19864,6
19865,7
19866,5
19867,5
19868,6
19869,6
19870,4
19871,2
19872,4
19873,4
19874,6
19875,7
19876,4
19877,3
19878,3
19879,9
19880,7
19881,6
19882,3
19883,6
19884,5
19885,4
19886,3
19887,1
19888,2
19889,6
19890,5
19891,5
19892,6
19893,5
19894,5
19895,6
19896,5
19897,4
19898,3
19899,2
19900,4
19901,5
19902,5
19903,5
19904,6
19905,5
19906,5
19907,7
19908,5
19909,5
19910,3
19911,2
19912,4
19913,6
19914,7
19915,2
19916,4
19917,3
19918,7
19919,3
19920,6
19921,5
19922,7
19923,5
19924,5
19925,3
19926,5
19927,4
19928,2
19929,5
19930,5
19931,4
19932,4
19933,1
19934,7
19935,6
19936,7
19937,3
19938,4
19939,6
19940,4
19941,4
19942,4
19943,5
19944,5
19945,3
19946,5
19947,5
19948,6
19949,6
19950,5
19951,3
19952,4
19953,4
19954,5
19955,4
19956,4
19957,5
19958,5
19959,5
19960,6
19961,6
19962,4
19963,5
19964,5
19965,6
19966,2
19967,4
19968,1
19969,6
19970,5
19971,2
19972,5
19973,5
19974,3
19975,6
19976,3
19977,6
19978,5
19979,3
19980,7
19981,4
19982,5
19983,3
19984,8
19985,5
19986,4
19987,6
19988,5
19989,4
19990,2
19991,3
19992,5
19993,3
19994,5
19995,3
19996,6
19997,5
19998,3
19999,4
20000,8
20001,7
20002,5
20003,5
20004,4
20005,7
20006,4
20007,6
20008,4
20009,3
20010,4
20011,4
20012,6
20013,4
20014,2
20015,5
20016,6
20017,7
20018,4
20019,7
20020,2
20021,4
20022,3
20023,6
20024,1
20025,3
20026,5
20027,4
20028,4
20029,5
20030,3
20031,3
20032,5
20033,7
20034,2
20035,4
20036,5
20037,2
20038,3
20039,5
20040,5
20041,5
20042,5
20043,4
20044,4
20045,3
20046,5
20047,6
20048,3
20049,3
20050,6
20051,5
20052,5
20053,5
20054,6
20055,4
20056,4
20057,7
20058,5
20059,5
20060,3
20061,6
20062,3
20063,6
20064,5
20065,6
20066,2
20067,7
20068,5
20069,6
20070,6
20071,4
20072,4
20073,4
20074,3
20075,9
20076,2
20077,4
20078,4
20079,3
20080,5
20081,3
20082,4
20083,5
20084,5
20085,6
20086,6
20087,1
20088,3
20089,5
20090,5
20091,5
20092,4
20093,5
20094,5
20095,3
20096,6
20097,5
20098,5
20099,5
20100,7
20101,6
20102,2
20103,3
20104,4
20105,5
20106,4
20107,5
20108,6
20109,4
20110,4
20111,6
20112,3
20113,6
20114,6
20115,5
20116,5
20117,3
20118,4
20119,4
20120,7
20121,8
20122,6
20123,7
20124,5
20125,5
20126,5
20127,4
20128,7
20129,3
20130,4
20131,6
20132,5
20133,3
20134,7
20135,3
20136,3
20137,4
20138,6
20139,4
20140,5
20141,5
20142,4
20143,6
20144,6
20145,4
20146,4
20147,4
20148,5
20149,5
20150,6
20151,2
20152,3
20153,4
20154,2
20155,6
20156,3
20157,3
20158,3
20159,1
20160,6
20161,5
20162,3
20163,5
20164,7
20165,3
20166,6
20167,4
20168,5
20169,4
20170,5
20171,6
20172,4
20173,6
20174,2
20175,3
20176,4
20177,6
20178,3
20179,5
20180,7
20181,7
20182,4
20183,3
20184,4
20185,2
20186,6
20187,1
20188,3
20189,6
20190,5
20191,6
20192,6
20193,4
20194,5
20195,4
20196,1
20197,6
20198,5
20199,5
20200,3
20201,5
20202,6
20203,4
20204,7
20205,5
20206,5
20207,3
20208,3
20209,7
20210,5
20211,5
20212,4
20213,6
20214,4
20215,6
20216,3
20217,6
20218,7
20219,3
20220,4
20221,6
20222,3
20223,4
20224,3
20225,4
20226,4
20227,6
20228,3
20229,4
20230,4
20231,5
20232,7
20233,4
20234,6
20235,5
20236,5
20237,3
20238,5
20239,4
20240,3
20241,7
20242,6
20243,5
20244,7
20245,5
20246,3
20247,6
20248,6
20249,4
20250,4
20251,0
20252,6
20253,4
20254,5
20255,3
20256,5
20257,5
20258,4
20259,0
20260,5
20261,4
20262,6
20263,5
20264,5
20265,5
20266,5
20267,4
20268,4
20269,5
20270,1
20271,4
20272,6
20273,6
20274,4
20275,6
20276,4
20277,7
20278,8
20279,3
20280,6
20281,5
20282,4
20283,4
20284,5
20285,5
20286,4
20287,4
20288,0
20289,5
20290,3
20291,7
20292,2
20293,6
20294,6
20295,5
20296,4
20297,4
20298,7
20299,6
20300,4
20301,7
20302,8
20303,4
20304,4
20305,4
20306,5
20307,3
20308,5
20309,4
20310,6
20311,3
20312,6
20313,4
20314,3
20315,4
20316,4
20317,3
20318,5
20319,7
20320,2
20321,5
20322,5
20323,3
20324,3
20325,6
20326,6
20327,4
20328,5
20329,4
20330,5
20331,2
20332,3
20333,4
20334,4
20335,4
20336,7
20337,2
20338,4
20339,5
20340,6
20341,7
20342,3
20343,5
20344,3
20345,5
20346,3
20347,4
20348,5
20349,5
20350,1
20351,6
20352,3
20353,5
20354,4
20355,4
20356,4
20357,3
20358,5
20359,3
20360,4
20361,4
20362,6
20363,5
20364,5
20365,3
20366,3
20367,5
20368,5
20369,4
20370,6
20371,5
20372,5
20373,6
20374,3
20375,5
20376,6
20377,5
20378,4
20379,5
20380,7
20381,2
20382,6
20383,6
20384,5
20385,5
20386,6
20387,5
20388,4
20389,6
20390,5
20391,7
20392,3
20393,5
20394,5
20395,4
20396,3
20397,4
20398,6
20399,6
20400,6
20401,3
20402,4
20403,5
20404,2
20405,6
20406,8
20407,5
20408,5
20409,5
20410,6
20411,5
20412,3
20413,3
20414,4
20415,7
20416,5
20417,6
20418,6
20419,3
20420,6
20421,5
20422,6
20423,5
20424,9
20425,6
20426,5
20427,6
20428,5
20429,4
20430,4
20431,4
20432,6
20433,4
20434,5
20435,6
20436,6
20437,5
20438,1
20439,5
20440,6
20441,4
20442,2
20443,5
20444,6
20445,6
20446,4
20447,6
20448,4
20449,4
20450,5
20451,4
20452,7
20453,3
20454,7
20455,3
20456,3
20457,5
20458,4
20459,2
20460,3
20461,4
20462,5
20463,5
20464,4
20465,7
20466,3
20467,5
20468,3
20469,5
20470,5
20471,4
20472,7
20473,7
20474,6
20475,7
20476,7
20477,4
20478,3
20479,7
20480,3
20481,6
20482,2
20483,6
20484,5
20485,3
20486,3
20487,3
20488,3
20489,3
20490,3
20491,4
20492,5
20493,3
20494,4
20495,3
20496,5
20497,7
20498,2
20499,5
20500,4
20501,4
20502,4
20503,3
20504,5
20505,5
20506,4
20507,4
20508,5
20509,6
20510,6
20511,4
20512,6
20513,5
20514,2
20515,4
20516,5
20517,3
20518,5
20519,4
20520,5
20521,4
20522,4
20523,4
20524,2
20525,5
20526,6
20527,4
20528,5
20529,4
20530,6
20531,3
20532,4
20533,4
20534,4
20535,3
20536,4
20537,3
20538,4
20539,4
20540,6
20541,5
20542,3
20543,5
20544,6
20545,4
20546,5
20547,5
20548,6
20549,6
20550,6
20551,5
20552,6
20553,4
20554,7
20555,7
20556,4
20557,5
20558,4
20559,8
20560,6
20561,6
20562,5
20563,5
20564,4
20565,5
20566,4
20567,2
20568,3
20569,8
20570,2
20571,2
20572,3
20573,6
20574,5
20575,6
20576,5
20577,4
20578,4
20579,4
20580,3
20581,6
20582,3
20583,5
20584,3
20585,5
20586,5
20587,3
20588,6
20589,3
20590,2
20591,3
20592,4
20593,4
20594,4
20595,5
20596,3
20597,6
20598,6
20599,4
20600,2
20601,4
20602,4
20603,5
20604,3
20605,4
20606,4
20607,4
20608,3
20609,5
20610,5
20611,4
20612,4
20613,4
20614,9
20615,8
20616,5
20617,6
20618,4
20619,4
20620,5
20621,5
20622,5
20623,7
20624,5
20625,6
20626,3
20627,2
20628,4
20629,9
20630,7
20631,4
20632,4
20633,6
20634,5
20635,5
20636,5
20637,3
20638,7
20639,7
20640,5
20641,4
20642,3
20643,5
20644,5
20645,3
20646,3
20647,8
20648,4
20649,5
20650,5
20651,6
20652,6
20653,4
20654,6
20655,5
20656,3
20657,2
20658,5
20659,4
20660,4
20661,2
20662,7
20663,6
20664,6
20665,4
20666,6
20667,5
20668,5
20669,2
20670,5
20671,3
20672,4
20673,5
20674,2
20675,3
20676,5
20677,6
20678,2
20679,6
20680,4
20681,3
20682,3
20683,3
20684,5
20685,5
20686,5
20687,6
20688,6
20689,2
20690,5
20691,4
20692,3
20693,5
20694,5
20695,4
20696,4
20697,5
20698,4
20699,3
20700,6
20701,6
20702,6
20703,4
20704,4
20705,7
20706,3
20707,5
20708,4
20709,7
20710,5
20711,3
20712,3
20713,5
20714,5
20715,6
20716,5
20717,4
20718,7
20719,5
20720,6
20721,7
20722,5
20723,4
20724,4
20725,4
20726,5
20727,7
20728,3
20729,4
20730,7
20731,2
20732,2
20733,6
20734,4
20735,5
20736,7
20737,5
20738,5
20739,3
20740,6
20741,5
20742,6
20743,5
20744,4
20745,4
20746,5
20747,4
20748,4
20749,4
20750,4
20751,5
20752,6
20753,7
20754,6
20755,5
20756,6
20757,4
20758,5
20759,5
20760,4
20761,5
20762,4
20763,2
20764,6
20765,6
20766,4
20767,5
20768,6
20769,4
20770,4
20771,6
20772,3
20773,2
20774,6
20775,4
20776,3
20777,7
20778,8
20779,4
20780,1
20781,3
20782,3
20783,6
20784,6
20785,7
20786,4
20787,5
20788,5
20789,6
20790,3
20791,5
20792,5
20793,3
20794,3
20795,6
20796,6
20797,7
20798,3
20799,3
20800,5
20801,3
20802,7
20803,4
20804,4
20805,5
20806,3
20807,5
20808,3
20809,4
20810,6
20811,9
20812,7
20813,5
20814,4
20815,4
20816,5
20817,5
20818,5
20819,6
20820,4
20821,5
20822,3
20823,5
20824,5
20825,3
20826,7
20827,5
20828,6
20829,5
20830,3
20831,6
20832,5
20833,6
20834,5
20835,5
20836,5
20837,5
20838,3
20839,5
20840,3
20841,4
20842,5
20843,7
20844,3
20845,4
20846,4
20847,4
20848,3
20849,6
20850,3
20851,5
20852,5
20853,6
20854,5
20855,3
20856,2
20857,3
20858,7
20859,6
20860,8
20861,5
20862,5
20863,7
20864,6
20865,6
20866,6
20867,4
20868,3
20869,5
20870,6
20871,3
20872,4
20873,5
20874,4
20875,5
20876,4
20877,5
20878,6
20879,4
20880,5
20881,2
20882,2
20883,5
20884,2
20885,6
20886,3
20887,1
20888,5
20889,6
20890,5
20891,4
20892,5
20893,4
20894,5
20895,7
20896,6
20897,5
20898,4
20899,6
20900,7
20901,5
20902,5
20903,5
20904,5
20905,6
20906,6
20907,3
20908,5
20909,2
20910,3
20911,5
20912,2
20913,4
20914,6
20915,3
20916,5
20917,2
20918,2
20919,7
20920,6
20921,3
20922,5
20923,5
20924,6
20925,2
20926,6
20927,4
20928,7
20929,5
20930,3
20931,3
20932,6
20933,7
20934,6
20935,5
20936,4
20937,5
20938,6
20939,6
20940,4
20941,5
20942,4
20943,3
20944,6
20945,4
20946,6
20947,5
20948,5
20949,4
20950,6
20951,3
20952,3
20953,6
20954,4
20955,6
20956,6
20957,4
20958,3
20959,6
20960,4
20961,5
20962,4
20963,5
20964,4
20965,4
20966,5
20967,3
20968,2
20969,3
20970,4
20971,6
20972,4
20973,5
20974,6
20975,5
20976,3
20977,4
20978,4
20979,5
20980,2
20981,5
20982,4
20983,5
20984,2
20985,4
20986,3
20987,4
20988,4
20989,4
20990,5
20991,5
20992,4
20993,5
20994,3
20995,6
20996,5
20997,5
20998,5
20999,3
21000,5
21001,4
21002,5
21003,5
21004,5
21005,6
21006,5
21007,5
21008,4
21009,5
21010,5
21011,4
21012,3
21013,6
21014,6
21015,4
21016,5
21017,4
21018,4
21019,4
21020,5
21021,4
21022,6
21023,5
21024,3
21025,5
21026,6
21027,6
21028,4
21029,5
21030,5
21031,6
21032,6
21033,5
21034,4
21035,3
21036,4
21037,2
21038,2
21039,5
21040,4
21041,5
21042,4
21043,5
21044,5
21045,4
21046,7
21047,4
21048,3
21049,3
21050,4
21051,4
21052,4
21053,5
21054,3
21055,6
21056,3
21057,1
21058,5
21059,4
21060,3
21061,8
21062,5
21063,4
21064,6
21065,4
21066,8
21067,4
21068,5
21069,4
21070,3
21071,5
21072,3
21073,5
21074,3
21075,5
21076,6
21077,5
21078,6
21079,7
21080,5
21081,3
21082,4
21083,5
21084,2
21085,5
21086,6
21087,6
21088,6
21089,6
21090,4
21091,3
21092,4
21093,6
21094,6
21095,4
21096,6
21097,5
21098,5
21099,4
21100,6
21101,3
21102,3
21103,7
21104,3
21105,7
21106,5
21107,6
21108,5
21109,3
21110,4
21111,5
21112,4
21113,3
21114,4
21115,6
21116,5
21117,5
21118,5
21119,6
21120,5
21121,4
21122,6
21123,4
21124,4
21125,6
21126,5
21127,2
21128,4
21129,8
21130,4
21131,5
21132,7
21133,4
21134,4
21135,4
21136,4
21137,5
21138,6
21139,7
21140,5
21141,5
21142,4
21143,6
21144,4
21145,4
21146,6
21147,3
21148,6
21149,5
21150,6
21151,5
21152,2
21153,4
21154,4
21155,5
21156,5
21157,4
21158,7
21159,3
21160,3
21161,6
21162,6
21163,3
21164,2
21165,4
21166,7
21167,7
21168,3
21169,3
21170,3
21171,7
21172,5
21173,4
21174,4
21175,5
21176,6
21177,6
21178,4
21179,6
21180,7
21181,3
21182,6
21183,7
21184,6
21185,2
21186,3
21187,4
21188,6
21189,6
21190,7
21191,4
21192,5
21193,6
21194,5
21195,4
21196,3
21197,5
21198,7
21199,5
21200,5
21201,4
21202,2
21203,5
21204,4
21205,5
21206,3
21207,3
21208,6
21209,6
21210,5
21211,2
21212,3
21213,5
21214,5
21215,6
21216,3
21217,5
21218,3
21219,5
21220,5
21221,4
21222,4
21223,6
21224,6
21225,3
21226,4
21227,5
21228,5
21229,4
21230,4
21231,5
21232,5
21233,3
21234,5
21235,4
21236,5
21237,6
21238,4
21239,4
21240,2
21241,5
21242,5
21243,4
21244,2
21245,5
21246,2
21247,5
21248,4
21249,5
21250,5
21251,6
21252,6
21253,5
21254,6
21255,4
21256,5
21257,5
21258,6
21259,5
21260,4
21261,5
21262,5
21263,6
21264,5
21265,4
21266,3
21267,5
21268,5
21269,6
21270,6
21271,4
21272,6
21273,4
21274,2
21275,5
21276,5
21277,6
21278,4
21279,4
21280,5
21281,7
21282,6
21283,3
21284,2
21285,5
21286,6
21287,1
21288,6
21289,4
21290,6
21291,5
21292,4
21293,4
21294,4
21295,5
21296,3
21297,3
21298,7
21299,4
21300,7
21301,6
21302,4
21303,6
21304,4
21305,5
21306,4
21307,5
21308,6
21309,6
21310,0
21311,3
21312,3
21313,3
21314,6
21315,4
21316,4
21317,6
21318,5
21319,2
21320,6
21321,7
21322,4
21323,5
21324,6
21325,7
21326,7
21327,7
21328,3
21329,4
21330,4
21331,4
21332,6
21333,6
21334,4
21335,5
21336,6
21337,4
21338,6
21339,5
21340,3
21341,4
21342,4
21343,5
21344,5
21345,6
21346,5
21347,4
21348,4
21349,5
21350,6
21351,5
21352,4
21353,7
21354,5
21355,3
21356,6
21357,6
21358,6
21359,6
21360,4
21361,5
21362,2
21363,5
21364,3
21365,2
21366,5
21367,1
21368,5
21369,6
21370,4
21371,1
21372,5
21373,5
21374,6
21375,5
21376,5
21377,3
21378,2
21379,4
21380,2
21381,6
21382,4
21383,6
21384,7
21385,5
21386,4
21387,6
21388,4
21389,4
21390,5
21391,2
21392,6
21393,7
21394,4
21395,3
21396,5
21397,6
21398,7
21399,2
21400,2
21401,3
21402,4
21403,6
21404,4
21405,4
21406,4
21407,3
21408,4
21409,3
21410,3
21411,2
21412,6
21413,3
21414,5
21415,6
21416,5
21417,5
21418,5
21419,3
21420,4
21421,1
21422,4
21423,5
21424,3
21425,0
21426,3
21427,5
21428,6
21429,4
21430,3
21431,3
21432,4
21433,3
21434,2
21435,3
21436,3
21437,3
21438,6
21439,4
21440,5
21441,2
21442,4
21443,2
21444,6
21445,7
21446,3
21447,3
21448,7
21449,4
21450,4
21451,2
21452,4
21453,5
21454,4
21455,6
21456,4
21457,4
21458,3
21459,6
21460,2
21461,5
21462,4
21463,2
21464,4
21465,2
21466,6
21467,7
21468,4
21469,2
21470,6
21471,5
21472,6
21473,3
21474,3
21475,4
21476,2
21477,6
21478,4
21479,5
21480,4
21481,3
21482,5
21483,2
21484,3
21485,3
21486,3
21487,4
21488,5
21489,3
21490,1
21491,5
21492,3
21493,6
21494,2
21495,4
21496,0
21497,4
21498,4
21499,3
21500,6
21501,5
21502,4
21503,4
21504,6
21505,4
21506,4
21507,2
21508,6
21509,6
21510,4
21511,3
21512,7
21513,3
21514,3
21515,3
21516,4
21517,4
21518,0
21519,5
21520,6
21521,4
21522,5
21523,6
21524,3
21525,1
21526,5
21527,3
21528,4
21529,5
21530,4
21531,2
21532,6
21533,5
21534,5
21535,2
21536,6
21537,4
21538,7
21539,5
21540,5
21541,4
21542,7
21543,7
21544,5
21545,2
21546,6
21547,5
21548,5
21549,6
21550,5
21551,4
21552,6
21553,5
21554,5
21555,6
21556,6
21557,3
21558,4
21559,3
21560,5
21561,2
21562,4
21563,7
21564,5
21565,8
21566,3
21567,7
21568,4
21569,1
21570,5
21571,6
21572,1
21573,7
21574,7
21575,5
21576,5
21577,6
21578,4
21579,4
21580,2
21581,5
21582,5
21583,6
21584,6
21585,2
21586,4
21587,2
21588,3
21589,3
21590,5
21591,1
21592,4
21593,4
21594,6
21595,3
21596,3
21597,4
21598,3
21599,7
21600,5
21601,3
21602,3
21603,3
21604,4
21605,3
21606,4
21607,1
21608,4
21609,4
21610,4
21611,5
21612,6
21613,2
21614,4
21615,4
21616,2
21617,3
21618,2
21619,5
21620,6
21621,3
21622,4
21623,4
21624,6
21625,6
21626,2
21627,0
21628,3
21629,3
21630,4
21631,2
21632,5
21633,3
21634,5
21635,5
21636,2
21637,5
21638,5
21639,3
21640,3
21641,4
21642,5
21643,3
21644,4
21645,4
21646,5
21647,8
21648,5
21649,4
21650,8
21651,4
21652,3
21653,4
21654,3
21655,3
21656,5
21657,8
21658,5
21659,2
21660,2
21661,5
21662,5
21663,4
21664,7
21665,6
21666,3
21667,4
21668,2
21669,5
21670,5
21671,3
21672,4
21673,5
21674,5
21675,7
21676,8
21677,5
21678,4
21679,5
21680,5
21681,6
21682,3
21683,5
21684,6
21685,3
21686,4
21687,5
21688,4
21689,4
21690,5
21691,5
21692,5
21693,5
21694,5
21695,5
21696,5
21697,5
21698,4
21699,4
21700,5
21701,6
21702,5
21703,6
21704,5
21705,2
21706,5
21707,2
21708,5
21709,1
21710,4
21711,6
21712,4
21713,2
21714,2
21715,6
21716,1
21717,4
21718,6
21719,5
21720,5
21721,7
21722,1
21723,4
21724,7
21725,4
21726,0
21727,7
21728,3
21729,5
21730,4
21731,5
21732,4
21733,2
21734,6
21735,3
21736,4
21737,3
21738,6
21739,4
21740,2
21741,6
21742,4
21743,7
21744,6
21745,3
21746,2
21747,6
21748,5
21749,7
21750,1
21751,2
21752,5
21753,6
21754,4
21755,5
21756,7
21757,3
21758,4
21759,0
21760,3
21761,5
21762,2
21763,7
21764,3
21765,5
21766,4
21767,3
21768,3
21769,0
21770,5
21771,6
21772,4
21773,3
21774,3
21775,2
21776,8
21777,5
21778,5
21779,6
21780,4
21781,7
21782,7
21783,4
21784,4
21785,6
21786,5
21787,3
21788,3
21789,5
21790,2
21791,5
21792,7
21793,2
21794,4
21795,4
21796,7
21797,5
21798,4
21799,6
21800,5
21801,2
21802,3
21803,3
21804,7
21805,4
21806,6
21807,4
21808,4
21809,2
21810,5
21811,6
21812,3
21813,5
21814,5
21815,6
21816,3
21817,5
21818,7
21819,6
21820,4
21821,1
21822,3
21823,5
21824,6
21825,5
21826,3
21827,6
21828,4
21829,4
21830,6
21831,3
21832,3
21833,5
21834,6
21835,4
21836,5
21837,6
21838,2
21839,2
21840,7
21841,3
21842,4
21843,3
21844,3
21845,7
21846,4
21847,4
21848,6
21849,5
21850,3
21851,3
21852,3
21853,3
21854,5
21855,3
21856,6
21857,4
21858,1
21859,6
21860,4
21861,5
21862,6
21863,6
21864,5
21865,6
21866,5
21867,4
21868,2
21869,4
21870,5
21871,5
21872,4
21873,4
21874,7
21875,5
21876,2
21877,2
21878,4
21879,1
21880,6
21881,4
21882,5
21883,6
21884,5
21885,3
21886,5
21887,7
21888,5
21889,6
21890,2
21891,3
21892,6
21893,6
21894,4
21895,5
21896,4
21897,5
21898,3
21899,7
21900,6
21901,3
21902,3
21903,5
21904,3
21905,5
21906,5
21907,6
21908,4
21909,5
21910,5
21911,2
21912,4
21913,3
21914,3
21915,4
21916,2
21917,3
21918,6
21919,4
21920,7
21921,4
21922,7
21923,6
21924,6
21925,2
21926,4
21927,1
21928,5
21929,5
21930,6
21931,4
21932,2
21933,5
21934,2
21935,5
21936,6
21937,4
21938,8
21939,3
21940,5
21941,5
21942,6
21943,5
21944,7
21945,3
21946,3
21947,4
21948,5
21949,4
21950,5
21951,5
21952,8
21953,2
21954,5
21955,6
21956,5
21957,3
21958,5
21959,4
21960,1
21961,1
21962,5
21963,1
21964,2
21965,4
21966,3
21967,3
21968,6
21969,4
21970,4
21971,3
21972,5
21973,5
21974,5
21975,4
21976,5
21977,4
21978,5
21979,4
21980,5
21981,5
21982,5
21983,5
21984,5
21985,3
21986,5
21987,3
21988,7
21989,3
21990,5
21991,7
21992,5
21993,4
21994,6
21995,4
21996,6
21997,3
21998,3
21999,5
22000,8
22001,6
22002,6
22003,5
22004,3
22005,4
22006,4
22007,2
22008,6
22009,3
22010,6
22011,3
22012,3
22013,3
22014,5
22015,6
22016,4
22017,5
22018,5
22019,3
22020,2
22021,2
22022,4
22023,5
22024,6
22025,4
22026,1
22027,1
22028,6
22029,6
22030,3
22031,3
22032,7
22033,3
22034,3
22035,1
22036,6
22037,3
22038,4
22039,2
22040,4
22041,3
22042,3
22043,3
22044,5
22045,6
22046,4
22047,3
22048,2
22049,6
22050,4
22051,5
22052,3
22053,4
22054,5
22055,4
22056,1
22057,6
22058,1
22059,6
22060,3
22061,6
22062,5
22063,1
22064,3
22065,7
22066,5
22067,2
22068,4
22069,5
22070,5
22071,4
22072,4
22073,6
22074,6
22075,6
22076,5
22077,6
22078,4
22079,3
22080,4
22081,5
22082,4
22083,5
22084,5
22085,5
22086,6
22087,6
22088,4
22089,6
22090,1
22091,3
22092,6
22093,3
22094,5
22095,2
22096,7
22097,5
22098,4
22099,4
22100,5
22101,6
22102,5
22103,4
22104,3
22105,7
22106,7
22107,5
22108,7
22109,6
22110,3
22111,6
22112,4
22113,6
22114,5
22115,3
22116,2
22117,5
22118,6
22119,3
22120,4
22121,5
22122,4
22123,5
22124,4
22125,2
22126,6
22127,7
22128,1
22129,4
22130,5
22131,5
22132,8
22133,6
22134,5
22135,4
22136,4
22137,0
22138,4
22139,4
22140,5
22141,5
22142,6
22143,7
22144,5
22145,3
22146,6
22147,6
22148,4
22149,4
22150,4
22151,5
22152,1
22153,6
22154,5
22155,6
22156,5
22157,3
22158,4
22159,6
22160,3
22161,5
22162,5
22163,6
22164,4
22165,6
22166,5
22167,6
22168,3
22169,4
22170,5
22171,6
22172,5
22173,3
22174,5
22175,6
22176,5
22177,5
22178,6
22179,4
22180,4
22181,1
22182,2
22183,6
22184,5
22185,4
22186,6
22187,2
22188,4
22189,6
22190,3
22191,7
22192,2
22193,6
22194,7
22195,5
22196,6
22197,2
22198,3
22199,4
22200,6
22201,6
22202,6
22203,2
22204,4
22205,6
22206,5
22207,6
22208,3
22209,2
22210,5
22211,7
22212,8
22213,3
22214,5
22215,3
22216,5
22217,2
22218,4
22219,3
22220,4
22221,5
22222,7
22223,7
22224,6
22225,4
22226,5
22227,5
22228,4
22229,6
22230,5
22231,5
22232,4
22233,3
22234,3
22235,6
22236,3
22237,4
22238,4
22239,6
22240,3
22241,4
22242,6
22243,3
22244,5
22245,6
22246,4
22247,4
22248,6
22249,3
22250,4
22251,5
22252,4
22253,5
22254,5
22255,6
22256,3
22257,4
22258,5
22259,4
22260,4
22261,4
22262,1
22263,7
22264,4
22265,5
22266,4
22267,5
22268,7
22269,6
22270,3
22271,5
22272,3
22273,6
22274,1
22275,5
22276,4
22277,3
22278,5
22279,2
22280,4
22281,4
22282,4
22283,4
22284,3
22285,5
22286,4
22287,7
22288,2
22289,5
22290,5
22291,5
22292,4
22293,5
22294,4
22295,4
22296,5
22297,2
22298,4
22299,4
22300,1
22301,3
22302,5
22303,6
22304,5
22305,3
22306,2
22307,5
22308,6
22309,6
22310,3
22311,6
22312,3
22313,4
22314,3
22315,4
22316,5
22317,1
22318,2
22319,4
22320,6
22321,4
22322,0
22323,0
22324,5
22325,5
22326,7
22327,3
22328,5
22329,3
22330,6
22331,3
22332,5
22333,3
22334,5
22335,6
22336,5
22337,2
22338,3
22339,7
22340,2
22341,4
22342,5
22343,5
22344,6
22345,2
22346,5
22347,7
22348,6
22349,5
22350,5
22351,4
22352,4
22353,6
22354,4
22355,6
22356,4
22357,5
22358,6
22359,7
22360,6
22361,6
22362,6
22363,6
22364,6
22365,3
22366,6
22367,5
22368,5
22369,3
22370,1
22371,4
22372,6
22373,4
22374,4
22375,4
22376,2
22377,3
22378,4
22379,5
22380,5
22381,5
22382,2
22383,2
22384,5
22385,7
22386,6
22387,4
22388,4
22389,6
22390,5
22391,6
22392,3
22393,5
22394,6
22395,1
22396,5
22397,2
22398,5
22399,5
22400,4
22401,5
22402,3
22403,5
22404,5
22405,4
22406,5
22407,2
22408,5
22409,3
22410,4
22411,3
22412,2
22413,7
22414,4
22415,4
22416,6
22417,5
22418,5
22419,6
22420,5
22421,5
22422,6
22423,5
22424,7
22425,5
22426,5
22427,5
22428,2
22429,1
22430,4
22431,7
22432,5
22433,6
22434,0
22435,5
22436,4
22437,4
22438,4
22439,6
22440,3
22441,4
22442,4
22443,5
22444,4
22445,6
22446,4
22447,5
22448,4
22449,5
22450,6
22451,6
22452,5
22453,5
22454,7
22455,6
22456,5
22457,6
22458,4
22459,5
22460,5
22461,7
22462,4
22463,5
22464,6
22465,5
22466,0
22467,2
22468,6
22469,2
22470,6
22471,3
22472,3
22473,2
22474,4
22475,3
22476,5
22477,4
22478,7
22479,5
22480,7
22481,6
22482,5
22483,6
22484,4
22485,5
22486,6
22487,3
22488,4
22489,4
22490,5
22491,1
22492,3
22493,3
22494,3
22495,7
22496,5
22497,3
22498,4
22499,3
22500,3
22501,6
22502,4
22503,5
22504,5
22505,3
22506,6
22507,3
22508,5
22509,6
22510,6
22511,6
22512,5
22513,5
22514,0
22515,4
22516,4
22517,2
22518,5
22519,5
22520,4
22521,3
22522,3
22523,4
22524,3
22525,6
22526,4
22527,4
22528,1
22529,4
22530,1
22531,3
22532,0
22533,2
22534,5
22535,2
22536,6
22537,7
22538,7
22539,7
22540,5
22541,4
22542,3
22543,4
22544,3
22545,4
22546,2
22547,4
22548,4
22549,7
22550,4
22551,5
22552,4
22553,4
22554,6
22555,2
22556,4
22557,3
22558,1
22559,5
22560,3
22561,5
22562,2
22563,2
22564,4
22565,5
22566,4
22567,4
22568,5
22569,3
22570,5
22571,5
22572,4
22573,6
22574,3
22575,3
22576,5
22577,1
22578,2
22579,7
22580,6
22581,2
22582,2
22583,4
22584,4
22585,3
22586,5
22587,5
22588,5
22589,7
22590,7
22591,4
22592,6
22593,4
22594,6
22595,6
22596,5
22597,3
22598,3
22599,5
22600,4
22601,3
22602,4
22603,8
22604,6
22605,3
22606,4
22607,4
22608,4
22609,6
22610,3
22611,4
22612,6
22613,4
22614,6
22615,6
22616,3
22617,5
22618,3
22619,4
22620,1
22621,1
22622,8
22623,7
22624,3
22625,2
22626,2
22627,3
22628,5
22629,4
22630,3
22631,5
22632,4
22633,4
22634,4
22635,6
22636,6
22637,4
22638,3
22639,7
22640,1
22641,3
22642,5
22643,3
22644,5
22645,2
22646,5
22647,3
22648,5
22649,3
22650,5
22651,6
22652,2
22653,5
22654,4
22655,5
22656,4
22657,1
22658,2
22659,5
22660,3
22661,0
22662,2
22663,5
22664,3
22665,5
22666,5
22667,5
22668,5
22669,6
22670,4
22671,4
22672,2
22673,2
22674,7
22675,4
22676,4
22677,3
22678,6
22679,4
22680,4
22681,5
22682,3
22683,2
22684,3
22685,4
22686,4
22687,5
22688,5
22689,5
22690,5
22691,5
22692,3
22693,7
22694,4
22695,5
22696,5
22697,3
22698,2
22699,3
22700,4
22701,5
22702,3
22703,4
22704,4
22705,5
22706,8
22707,3
22708,5
22709,4
22710,3
22711,5
22712,4
22713,5
22714,2
22715,3
22716,0
22717,6
22718,4
22719,5
22720,2
22721,4
22722,5
22723,7
22724,5
22725,2
22726,4
22727,2
22728,6
22729,4
22730,2
22731,8
22732,3
22733,6
22734,5
22735,5
22736,6
22737,6
22738,5
22739,5
22740,5
22741,1
22742,5
22743,6
22744,4
22745,4
22746,6
22747,2
22748,3
22749,4
22750,5
22751,4
22752,4
22753,1
22754,7
22755,3
22756,5
22757,6
22758,5
22759,5
22760,1
22761,3
22762,4
22763,6
22764,5
22765,4
22766,5
22767,0
22768,5
22769,5
22770,4
22771,5
22772,4
22773,6
22774,3
22775,4
22776,7
22777,6
22778,6
22779,5
22780,5
22781,3
22782,3
22783,3
22784,7
22785,3
22786,3
22787,4
22788,4
22789,6
22790,6
22791,5
22792,3
22793,8
22794,4
22795,0
22796,5
22797,3
22798,4
22799,4
22800,4
22801,3
22802,4
22803,7
22804,4
22805,4
22806,4
22807,5
22808,8
22809,3
22810,5
22811,6
22812,3
22813,6
22814,4
22815,6
22816,4
22817,6
22818,2
22819,5
22820,2
22821,4
22822,6
22823,3
22824,3
22825,3
22826,2
22827,7
22828,5
22829,7
22830,5
22831,7
22832,5
22833,2
22834,5
22835,4
22836,3
22837,7
22838,6
22839,4
22840,4
22841,4
22842,2
22843,5
22844,6
22845,3
22846,6
22847,4
22848,4
22849,5
22850,2
22851,4
22852,5
22853,4
22854,8
22855,2
22856,0
22857,1
22858,2
22859,5
22860,3
22861,2
22862,5
22863,6
22864,5
22865,5
22866,2
22867,2
22868,7
22869,5
22870,3
22871,5
22872,6
22873,3
22874,1
22875,4
22876,5
22877,2
22878,6
22879,6
22880,5
22881,5
22882,4
22883,2
22884,5
22885,2
22886,4
22887,2
22888,1
22889,2
22890,6
22891,5
22892,6
22893,5
22894,4
22895,4
22896,5
22897,3
22898,5
22899,3
22900,5
22901,4
22902,3
22903,5
22904,5
22905,4
22906,3
22907,2
22908,3
22909,4
22910,3
22911,4
22912,6
22913,5
22914,5
22915,6
22916,5
22917,5
22918,4
22919,5
22920,3
22921,4
22922,1
22923,3
22924,2
22925,5
22926,3
22927,1
22928,4
22929,5
22930,4
22931,4
22932,6
22933,4
22934,3
22935,3
22936,6
22937,2
22938,7
22939,3
22940,2
22941,3
22942,6
22943,6
22944,7
22945,2
22946,3
22947,3
22948,4
22949,2
22950,5
22951,4
22952,4
22953,5
22954,5
22955,1
22956,4
22957,2
22958,0
22959,3
22960,5
22961,5
22962,5
22963,5
22964,4
22965,6
22966,4
22967,3
22968,6
22969,4
22970,4
22971,2
22972,4
22973,3
22974,5
22975,6
22976,5
22977,2
22978,6
22979,4
22980,6
22981,1
22982,6
22983,3
22984,5
22985,5
22986,2
22987,5
22988,5
22989,6
22990,5
22991,5
22992,4
22993,1
22994,3
22995,5
22996,7
22997,4
22998,6
22999,5
23000,4
23001,4
23002,4
23003,5
23004,5
23005,2
23006,4
23007,3
23008,2
23009,7
23010,3
23011,4
23012,5
23013,4
23014,7
23015,6
23016,6
23017,3
23018,5
23019,4
23020,6
23021,3
23022,6
23023,6
23024,3
23025,7
23026,5
23027,1
23028,2
23029,5
23030,5
23031,3
23032,4
23033,2
23034,5
23035,3
23036,3
23037,3
23038,7
23039,6
23040,7
23041,7
23042,7
23043,5
23044,3
23045,6
23046,5
23047,6
23048,2
23049,3
23050,8
23051,3
23052,3
23053,6
23054,4
23055,4
23056,5
23057,6
23058,6
23059,6
23060,2
23061,6
23062,4
23063,5
23064,5
23065,3
23066,6
23067,4
23068,4
23069,3
23070,5
23071,4
23072,6
23073,6
23074,5
23075,4
23076,1
23077,2
23078,6
23079,4
23080,6
23081,5
23082,6
23083,1
23084,4
23085,5
23086,3
23087,3
23088,6
23089,3
23090,2
23091,6
23092,6
23093,5
23094,0
23095,5
23096,6
23097,6
23098,4
23099,5
23100,5
23101,4
23102,5
23103,5
23104,3
23105,1
23106,5
23107,5
23108,5
23109,4
23110,4
23111,5
23112,5
23113,4
23114,3
23115,4
23116,1
23117,4
23118,3
23119,6
23120,2
23121,6
23122,7
23123,4
23124,4
23125,3
23126,3
23127,8
23128,4
23129,3
23130,2
23131,2
23132,5
23133,3
23134,4
23135,4
23136,1
23137,5
23138,7
23139,4
23140,4
23141,3
23142,4
23143,2
23144,4
23145,5
23146,2
23147,4
23148,7
23149,3
23150,4
23151,5
23152,4
23153,5
23154,0
23155,3
23156,5
23157,5
23158,3
23159,4
23160,5
23161,6
23162,5
23163,5
23164,2
23165,5
23166,4
23167,5
23168,5
23169,1
23170,3
23171,7
23172,3
23173,5
23174,6
23175,5
23176,4
23177,6
23178,4
23179,5
23180,5
23181,5
23182,3
23183,3
23184,3
23185,6
23186,4
23187,5
23188,3
23189,5
23190,2
23191,1
23192,3
23193,3
23194,4
23195,7
23196,4
23197,2
23198,5
23199,5
23200,1
23201,5
23202,4
23203,6
23204,6
23205,5
23206,4
23207,3
23208,5
23209,2
23210,3
23211,3
23212,6
23213,4
23214,4
23215,0
23216,5
23217,6
23218,5
23219,4
23220,4
23221,3
23222,8
23223,3
23224,8
23225,3
23226,6
23227,5
23228,4
23229,4
23230,4
23231,5
23232,7
23233,4
23234,4
23235,2
23236,1
23237,5
23238,2
23239,5
23240,6
23241,5
23242,5
23243,3
23244,4
23245,6
23246,5
23247,5
23248,4
23249,4
23250,4
23251,3
23252,1
23253,4
23254,4
23255,6
23256,6
23257,4
23258,5
23259,4
23260,2
23261,4
23262,5
23263,4
23264,3
23265,3
23266,5
23267,4
23268,7
23269,4
23270,3
23271,5
23272,5
23273,2
23274,2
23275,6
23276,3
23277,4
23278,4
23279,6
23280,2
23281,3
23282,6
23283,5
23284,4
23285,5
23286,4
23287,4
23288,4
23289,5
23290,5
23291,4
23292,5
23293,1
23294,5
23295,4
23296,3
23297,2
23298,4
23299,4
23300,5
23301,4
23302,2
23303,4
23304,2
23305,3
23306,4
23307,1
23308,5
23309,6
23310,5
23311,5
23312,7
23313,3
23314,3
23315,6
23316,0
23317,5
23318,6
23319,1
23320,2
23321,7
23322,6
23323,5
23324,3
23325,3
23326,5
23327,5
23328,6
23329,6
23330,3
23331,7
23332,5
23333,5
23334,8
23335,6
23336,3
23337,3
23338,5
23339,5
23340,2
23341,5
23342,3
23343,5
23344,6
23345,5
23346,0
23347,5
23348,4
23349,5
23350,6
23351,4
23352,4
23353,4
23354,6
23355,6
23356,6
23357,0
23358,6
23359,4
23360,2
23361,5
23362,0
23363,1
23364,1
23365,2
23366,4
23367,5
23368,7
23369,3
23370,5
23371,5
23372,3
23373,5
23374,4
23375,4
23376,5
23377,5
23378,3
23379,4
23380,5
23381,5
23382,6
23383,3
23384,2
23385,4
23386,5
23387,6
23388,4
23389,3
23390,2
23391,7
23392,4
23393,5
23394,5
23395,1
23396,8
23397,7
23398,6
23399,4
23400,2
23401,6
23402,3
23403,4
23404,5
23405,4
23406,2
23407,7
23408,4
23409,5
23410,4
23411,7
23412,5
23413,6
23414,5
23415,4
23416,4
23417,6
23418,4
23419,5
23420,0
23421,3
23422,4
23423,4
23424,5
23425,5
23426,2
23427,4
23428,3
23429,3
23430,3
23431,1
23432,2
23433,4
23434,6
23435,4
23436,4
23437,4
23438,4
23439,2
23440,5
23441,4
23442,3
23443,3
23444,3
23445,4
23446,5
23447,4
23448,6
23449,7
23450,3
23451,5
23452,4
23453,6
23454,4
23455,2
23456,8
23457,0
23458,6
23459,7
23460,4
23461,5
23462,7
23463,5
23464,4
23465,4
23466,6
23467,4
23468,1
23469,5
23470,5
23471,6
23472,3
23473,4
23474,5
23475,5
23476,5
23477,2
23478,4
23479,5
23480,3
23481,6
23482,2
23483,4
23484,7
